Date,Asset Value - Equities (SGD),Asset Value - Fixed Income (SGD),Asset Value - Commodities (SGD),Asset Value - Cash (SGD),Total Value,Return Value,Asset Composition - Equities,Asset Composition - Fixed Income,Asset Composition - Commodities,Asset Composition - Cash,Daily Contribution/Withdrawals,delta
1/1/2018,22.99721965,26.26531587,7.245031527,5.68444579,62.19201284,0,0.369777703,0.422326191,0.116494566,0.091401541,62.19201284,0
2/1/2018,22.97540113,27.74197789,6.253874337,6.180847572,63.15210093,0.260088088,0.363810559,0.439288282,0.099028761,0.097872398,0.7,0.004182018
3/1/2018,25.09076652,28.95498824,8.311255567,6.366793112,68.72380344,4.171702514,0.36509572,0.421324007,0.120937072,0.092643201,1.4,0.066058016
4/1/2018,26.86327483,29.58947691,9.23856836,6.552192921,72.24351302,1.619709579,0.371843418,0.409579707,0.12788094,0.090695934,1.9,0.023568393
5/1/2018,26.63433808,30.55275994,9.58512004,6.983061699,73.75527975,1.211766736,0.361117715,0.414245055,0.129958426,0.094678804,0.3,0.016773364
6/1/2018,28.88714908,32.12013946,9.423054632,7.353072284,77.78341545,3.328135699,0.371379283,0.41294329,0.121144778,0.094532649,0.7,0.045124033
7/1/2018,30.64537658,32.5161155,9.4294475,7.596734255,80.18767383,2.004258378,0.382170664,0.405500172,0.117592231,0.094736933,0.4,0.025767169
8/1/2018,31.54387358,33.5178495,10.75632842,8.046310044,83.86436155,3.576687719,0.376129657,0.399667378,0.128258634,0.095944331,0.1,0.044603959
9/1/2018,33.10783485,34.76440143,9.935910545,8.498341059,86.30648788,0.642126333,0.383607718,0.402801716,0.115123565,0.098467001,1.8,0.007656725
10/1/2018,34.58109996,36.30639106,11.650165,8.838218038,91.37587405,4.569386166,0.37844891,0.397330164,0.127497166,0.096723759,0.5,0.052943716
11/1/2018,35.10450951,37.7976651,11.47796121,9.283383665,93.66351949,1.887645443,0.374793833,0.40354735,0.122544629,0.099114188,0.4,0.020658029
12/1/2018,36.24628083,38.66074022,12.79104314,9.603030453,97.30109464,3.337575153,0.372516681,0.39733099,0.131458368,0.098693961,0.3,0.035633672
13/1/2018,37.51421411,39.97467732,12.16993463,10.02634595,99.68517201,2.084077362,0.376326924,0.401009263,0.1220837,0.100580114,0.3,0.021418848
14/1/2018,37.80288527,41.04424349,12.83927146,10.27253925,101.9589395,1.77376746,0.370765776,0.402556595,0.125925902,0.100751727,0.5,0.017793694
15/1/2018,40.67334868,42.09722521,12.88757207,10.46876676,106.1269127,2.167973255,0.383251973,0.396668707,0.121435475,0.098643845,2,0.021263199
16/1/2018,41.42398188,42.87388007,14.77544829,10.91097824,109.9842885,2.957375752,0.376635449,0.389818225,0.134341445,0.099204881,0.9,0.027866407
17/1/2018,41.77770003,43.58320395,13.92081715,11.16415196,110.4458731,0.261584625,0.378264021,0.39461143,0.126041986,0.101082563,0.2,0.002378382
18/1/2018,44.51558673,44.66318057,14.4585966,11.6944024,115.3317663,2.385893198,0.38597854,0.387258272,0.125365258,0.10139793,2.5,0.021602375
19/1/2018,44.67438995,45.80248763,15.94627183,11.7891914,118.2123408,2.080574518,0.377916465,0.387459442,0.134895153,0.09972894,0.8,0.018039909
20/1/2018,45.7344474,47.22896813,17.05089811,12.33914147,122.3534551,-0.458885697,0.373789587,0.386004368,0.139357716,0.100848329,4.6,-0.003881876
21/1/2018,47.37553624,48.29935045,15.69193164,12.55886795,123.9256863,0.672231162,0.382289884,0.389744466,0.126623722,0.101341928,0.9,0.005494174
22/1/2018,49.23526264,49.28719286,17.08739617,13.11717295,128.7270246,2.901338349,0.38247806,0.382881473,0.132741328,0.101899139,1.9,0.023411921
23/1/2018,50.55698996,50.18433891,17.60899095,13.14051227,131.4908321,-1.936192535,0.384490608,0.381656562,0.133918013,0.099934817,4.7,-0.015041073
24/1/2018,50.40018151,52.21635612,18.31493777,13.79010427,134.7215797,0.730747573,0.374106224,0.387587172,0.135946578,0.102360025,2.5,0.005557403
25/1/2018,51.98964001,53.07462131,18.12020568,13.85670591,137.0411729,-1.480406747,0.37937241,0.387289602,0.132224537,0.101113451,3.8,-0.010988639
26/1/2018,54.26339705,53.8343552,18.05526621,14.33438748,140.4874059,2.74623302,0.386250972,0.383197019,0.128518753,0.102033256,0.7,0.020039474
27/1/2018,54.52193559,54.74720079,18.64924289,14.64414616,142.5625254,-1.724880511,0.382442268,0.384022383,0.130814482,0.102720867,3.8,-0.01227783
28/1/2018,56.67237103,56.16443925,19.52413366,14.86022833,147.2211723,4.358646846,0.384947152,0.381497025,0.132617703,0.10093812,0.3,0.03057358
29/1/2018,56.52811065,57.04580484,19.77875361,15.42086037,148.7735295,0.052357188,0.379960809,0.383440556,0.132945381,0.103653254,1.5,0.000355636
30/1/2018,57.94071701,58.30075855,20.40648317,15.53308668,152.1810454,0.207515954,0.380735438,0.383101315,0.134093462,0.102069786,3.2,0.001394845
31/1/2018,59.67913511,59.92575338,22.02646726,16.02831853,157.6596743,1.378628866,0.378531387,0.380095631,0.139708948,0.101664034,4.1,0.009059137
1/2/2018,61.00370815,61.17254037,22.37450552,16.46128148,161.0120355,-0.847638755,0.378876697,0.379925266,0.138961696,0.102236342,4.2,-0.005376383
2/2/2018,61.57526898,62.03984287,22.85780938,16.85560949,163.3285307,-0.183504807,0.377002528,0.379846942,0.139949887,0.103200644,2.5,-0.001139696
3/2/2018,63.57493314,63.11746556,22.96651765,17.09142583,166.7503422,-0.478188533,0.381258187,0.378514759,0.137729958,0.102497096,3.9,-0.002927771
4/2/2018,65.26607465,64.26135802,23.48875723,17.27766337,170.2938533,3.343511083,0.38325561,0.377355711,0.13793074,0.101457939,0.2,0.020051
5/2/2018,65.52550061,65.06906302,22.96045078,17.76308263,171.318097,-0.97575623,0.382478569,0.3798143,0.134022331,0.1036848,2,-0.005729838
6/2/2018,67.08806021,66.55795829,23.61230601,17.93470282,175.1930273,1.87493028,0.382937958,0.379912142,0.1347788,0.102371099,2,0.010944146
7/2/2018,68.93588701,67.32459187,25.37845623,18.44282692,180.081762,4.488734715,0.382803268,0.373855693,0.14092741,0.10241363,0.4,0.025621652
8/2/2018,69.08708328,68.23677983,25.7585347,18.62758168,181.7099795,-3.071782542,0.380205223,0.375525769,0.141756302,0.102512706,4.7,-0.01705771
9/2/2018,70.8151707,69.06280937,26.29669278,19.12248093,185.2971538,-0.812825705,0.38217085,0.372713816,0.141916334,0.103199,4.4,-0.004473203
10/2/2018,71.90107854,70.75162689,26.89167046,19.67258448,189.2169604,2.819806583,0.379992779,0.373917997,0.142120825,0.103968399,1.1,0.015217754
11/2/2018,74.24463223,71.96092283,25.59112629,19.96722904,191.7639104,-1.553049973,0.387166866,0.375257903,0.133451212,0.104124019,4.1,-0.008207774
12/2/2018,74.13475835,73.38586507,28.20914666,20.27070912,196.0004792,3.33656881,0.378237638,0.374416764,0.143923866,0.103421732,0.9,0.017399357
13/2/2018,76.64108966,74.38141489,28.2466459,20.62971696,199.8988674,1.598388209,0.383399319,0.372095229,0.141304682,0.10320077,2.3,0.008155022
14/2/2018,78.33057288,75.18245741,27.67132628,20.7905645,201.9749211,0.37605367,0.387823263,0.372236598,0.137003773,0.102936367,1.7,0.00188122
15/2/2018,79.22662844,76.34007124,29.40778414,21.33489063,206.3093745,0.93445337,0.384018558,0.370027157,0.142542161,0.103412124,3.4,0.004626581
16/2/2018,80.72868624,77.00991877,29.74945541,21.36508054,208.853141,0.243766504,0.386533264,0.368727606,0.142441982,0.102297147,2.3,0.001181558
17/2/2018,80.53470699,78.12808985,28.15064926,21.94193855,208.7553846,-2.09775631,0.385785052,0.374256645,0.134849931,0.105108372,2,-0.010044169
18/2/2018,81.84931294,79.300785,29.45127533,22.09500199,212.6963753,3.640990611,0.38481762,0.37283562,0.138466278,0.103880482,0.3,0.017441421
19/2/2018,83.33835753,81.13614877,29.94533406,22.66531208,217.0851524,3.288777176,0.383897086,0.37375264,0.137942801,0.104407472,1.1,0.015462309
20/2/2018,85.32208548,82.2673045,30.32121376,22.93264396,220.8432477,-0.841904737,0.386346816,0.372514466,0.137297445,0.103841273,4.6,-0.003878223
21/2/2018,85.52893713,83.16700265,30.47941459,23.36103076,222.5363851,0.493137434,0.384336867,0.373723167,0.136963735,0.10497623,1.2,0.002232975
22/2/2018,87.13052682,83.93922407,31.28338962,23.50904883,225.8621893,0.525804207,0.385768539,0.371639115,0.138506537,0.10408581,2.8,0.002362779
23/2/2018,89.60431624,85.52814229,31.65423571,23.78636604,230.5730603,1.210870944,0.388615722,0.370937273,0.137285057,0.103161948,3.5,0.005361105
24/2/2018,90.48202084,85.83774966,32.21103606,24.4378224,232.968629,-1.604431311,0.388387146,0.368451967,0.138263406,0.104897481,4,-0.006958451
25/2/2018,91.6319086,87.59069769,32.19555444,24.85476129,236.272922,3.104293044,0.387822302,0.370718307,0.136264258,0.105195132,0.2,0.01332494
26/2/2018,93.05952422,88.02491875,33.98359986,25.19901506,240.2670579,2.994135872,0.387317034,0.366362828,0.141440946,0.104879193,1,0.012672361
27/2/2018,94.73961281,89.29213724,34.08154306,25.36038341,243.4736765,-1.593381378,0.389116451,0.366742469,0.139980402,0.104160679,4.8,-0.00663171
28/2/2018,95.18161148,91.00593919,33.63211129,25.71325835,245.5329203,-0.040756202,0.387653156,0.370646588,0.136975976,0.10472428,2.1,-0.000167395
1/3/2018,97.12933255,92.21264565,34.7543852,26.12075626,250.2171197,0.684199356,0.388180204,0.368530522,0.138896912,0.104392363,4,0.002786589
2/3/2018,97.24853832,93.06166559,35.29148104,26.49739786,252.0990828,1.48196315,0.385755225,0.36914718,0.139990517,0.105107078,0.4,0.005922709
3/3/2018,97.99846553,93.63991245,36.14387449,26.58222616,254.3644786,-0.634604187,0.385267888,0.368132819,0.142094819,0.104504474,2.9,-0.002517281
4/3/2018,100.4481339,94.7121459,36.59401404,27.16880015,258.923094,0.058615331,0.387945827,0.365792577,0.141331596,0.10493,4.5,0.000230438
5/3/2018,101.0888232,96.2290313,36.27724886,27.61325928,261.2083626,1.785268639,0.387004544,0.368399504,0.138882417,0.105713535,0.5,0.006894976
6/3/2018,103.0021243,97.41292639,37.50119489,27.60318679,265.5194324,0.611069799,0.387926877,0.366876825,0.141237101,0.103959196,3.7,0.002339396
7/3/2018,103.6353113,98.26273736,39.18542061,28.2786373,269.3621066,-0.557325832,0.384743469,0.364797924,0.145474882,0.104983725,4.4,-0.002099002
8/3/2018,105.9321863,99.50765572,38.05226408,28.48774691,271.9798531,1.017746495,0.389485416,0.365864069,0.139908393,0.104742122,1.6,0.003778358
9/3/2018,107.0259658,101.0837902,38.03350314,28.60986397,274.7531231,-1.026729998,0.389535029,0.367907702,0.138427919,0.104129349,3.8,-0.003775022
10/3/2018,108.4504034,102.1295952,39.16690751,29.31784882,279.064755,-0.588368077,0.388620926,0.365970956,0.140350606,0.105057512,4.9,-0.002141443
11/3/2018,108.2357272,102.9374086,40.35505733,29.39329739,280.9214905,-0.443264468,0.385288171,0.366427675,0.143652439,0.104631715,2.3,-0.001588393
12/3/2018,109.564393,103.8979912,40.0984975,29.96782172,283.5287035,1.007212981,0.386431397,0.366446113,0.141426589,0.105695901,1.6,0.00358539
13/3/2018,110.8701414,105.2110099,41.57708937,30.34868341,288.0069241,1.178220593,0.384956514,0.365307224,0.144361423,0.10537484,3.3,0.00415556
14/3/2018,111.7510125,106.5809951,39.94411578,30.51076433,288.7868877,-2.620036435,0.386967059,0.369064523,0.13831693,0.105651488,3.4,-0.00909713
15/3/2018,113.9235351,107.5208328,41.9477712,30.6838128,294.0759519,1.489064292,0.387394938,0.365622664,0.142642644,0.104339755,3.8,0.005156274
16/3/2018,114.8238429,108.1964969,41.8146097,31.22872898,296.0636785,-2.112273424,0.387834953,0.365450086,0.141235189,0.105479771,4.1,-0.007182748
17/3/2018,116.1481704,109.7770798,43.50969223,31.65903406,301.0939765,2.730298014,0.385753882,0.364594075,0.144505356,0.105146687,2.3,0.009221996
18/3/2018,116.8336202,111.0053751,43.092174,32.09380499,303.0249743,-1.769002267,0.385557727,0.36632418,0.142206675,0.105911419,3.7,-0.00587525
19/3/2018,117.9155964,112.160713,42.71369091,32.11184885,304.9018491,-2.123125148,0.386732966,0.367858422,0.14008997,0.105318643,4,-0.007006436
20/3/2018,119.5741321,113.2941353,42.99639532,32.75732474,308.6219875,1.220138333,0.387445279,0.367096772,0.139317343,0.106140606,2.5,0.004001741
21/3/2018,121.082113,114.3298263,45.0132033,32.76841227,313.1935549,0.37156744,0.38660474,0.365045272,0.143723275,0.104626713,4.2,0.001203956
22/3/2018,121.5247724,115.449903,44.2920461,33.154745,314.4214665,-2.172088406,0.386502785,0.367182,0.140868391,0.105446824,3.4,-0.006935291
23/3/2018,122.7795357,116.3749672,46.18867538,33.48264979,318.825828,1.00436152,0.385099088,0.365011103,0.144871185,0.105018624,3.4,0.003194316
24/3/2018,124.7873523,117.3237112,44.9300801,34.12534978,321.1664934,-1.859334654,0.388544119,0.365304954,0.139896537,0.10625439,4.2,-0.005831819
25/3/2018,127.0239978,118.6963388,46.06135384,34.49315916,326.2748496,1.608356229,0.389315934,0.363792486,0.141173474,0.105718106,3.5,0.005007858
26/3/2018,126.9982335,119.2712978,46.67090623,34.65053571,327.5909733,-2.383876261,0.387673177,0.364086033,0.142467009,0.105773781,3.7,-0.007306344
27/3/2018,129.1674576,121.0519531,46.32489385,35.09781703,331.6421215,0.851148164,0.389478444,0.365007776,0.139683384,0.105830396,3.2,0.002598204
28/3/2018,129.5396383,122.192252,47.70533314,35.21361291,334.6508363,0.308714858,0.387088942,0.365133562,0.142552559,0.105224936,2.7,0.000930867
29/3/2018,130.6302182,122.7414498,49.46463522,35.77895054,338.6152537,3.764417396,0.385777713,0.362480569,0.14607917,0.105662548,0.2,0.011248791
30/3/2018,132.7009483,123.7608464,48.67768047,36.03937871,341.1788539,-1.23639987,0.388948338,0.362744774,0.142674963,0.105631924,3.8,-0.003651341
31/3/2018,133.4896771,124.8414674,48.1519608,36.57242984,343.0555352,0.076681333,0.38911973,0.363910372,0.140361999,0.106607899,1.8,0.000224754
1/4/2018,135.7699685,125.8817228,51.03126141,36.81556813,349.4985208,3.642985634,0.388470796,0.360178128,0.146012811,0.105338266,2.8,0.01061923
2/4/2018,136.7495669,126.9902519,50.34969007,37.18823393,351.2777428,-0.12077806,0.389291863,0.361509531,0.143332992,0.105865614,1.9,-0.000345575
3/4/2018,136.9171205,128.8538959,50.1684931,37.54752684,353.4870363,-1.490706445,0.387332791,0.364522267,0.141924563,0.106220379,3.7,-0.004243669
4/4/2018,138.4691399,129.1599957,49.98290067,37.56618188,355.1782182,-0.208818156,0.389858197,0.363648414,0.140726255,0.105767133,1.9,-0.000590738
5/4/2018,139.9162661,130.1813986,52.2113249,37.91654067,360.2255303,1.547312119,0.388412964,0.361388596,0.144940657,0.105257783,3.5,0.004356439
6/4/2018,140.7815545,131.822941,52.09562385,38.29272442,362.9928437,-1.232686568,0.38783562,0.363155757,0.143516945,0.105491679,4,-0.003421986
7/4/2018,143.4837095,133.3258598,52.50478596,38.96823054,368.2825858,4.38974206,0.389602211,0.362020538,0.142566572,0.105810679,0.9,0.012093192
8/4/2018,143.4792536,134.2353509,51.96867237,39.21420434,368.8974812,-0.485104596,0.388940725,0.363882536,0.14087565,0.10630109,1.1,-0.001317208
9/4/2018,145.4654849,135.1901491,52.8645963,39.47976983,373.0000001,-0.197481089,0.389987895,0.362440078,0.14172814,0.105843887,4.3,-0.000535328
10/4/2018,145.3035471,136.6591469,53.80825155,39.64824789,375.4191935,0.719193357,0.387043469,0.364017475,0.143328451,0.105610604,1.7,0.001928132
11/4/2018,148.363824,137.7753377,55.31544571,40.15056636,381.6051737,4.285980254,0.388788817,0.361041587,0.144954653,0.105214942,1.9,0.011416519
12/4/2018,149.3593864,138.5144571,55.41544057,40.48941411,383.7786982,-1.526475491,0.389181023,0.360922734,0.144394259,0.105501984,3.7,-0.004000144
13/4/2018,149.1618012,139.1063972,56.76143225,40.70675429,385.7363849,1.157686694,0.386693625,0.360625553,0.147150838,0.105529983,0.8,0.003016548
14/4/2018,151.6294225,140.8629046,54.99245766,41.17814413,388.662929,-0.373455964,0.390130911,0.362429484,0.141491389,0.105948216,3.3,-0.000968164
15/4/2018,153.1685938,141.9614482,57.36647561,41.58703609,394.0835536,4.720624676,0.388670353,0.360231851,0.145569322,0.105528474,0.7,0.012145806
16/4/2018,153.4994533,143.3281327,56.20227363,42.02820476,395.0580644,-1.725489208,0.388549095,0.362802701,0.142263325,0.10638488,2.7,-0.004378486
17/4/2018,155.847516,143.9422396,58.21622594,42.42697434,400.4329558,4.474891429,0.389197527,0.359466516,0.145383204,0.105952754,0.9,0.011327174
18/4/2018,155.7457168,144.8714838,56.80738926,42.55941122,399.9840011,-3.84895476,0.389379866,0.362193196,0.142024154,0.106402784,3.4,-0.009611983
19/4/2018,158.114561,146.3254698,58.71912476,42.85705364,406.0162092,1.232208117,0.389429184,0.360393173,0.144622612,0.105555031,4.8,0.003080644
20/4/2018,158.4941577,147.3742044,58.18273983,43.18135442,407.2324563,-3.683752858,0.389198246,0.361892089,0.142873533,0.106036132,4.9,-0.009072921
21/4/2018,159.1558234,148.4428953,58.66287011,43.5586432,409.820232,-1.612224343,0.388355213,0.362214658,0.143142933,0.106287196,4.2,-0.003958978
22/4/2018,160.752439,149.4945951,59.51476663,44.06429184,413.8260926,1.205860565,0.388454092,0.361249805,0.143815887,0.106480216,2.8,0.002942413
23/4/2018,163.2567094,150.3185493,59.86509775,44.32951332,417.7698698,3.443777232,0.390781435,0.359811849,0.143296829,0.106109886,0.5,0.008321798
24/4/2018,164.624102,152.0214278,61.1543489,44.83245693,422.6323356,1.062465803,0.389520839,0.359701364,0.144698698,0.106079098,3.8,0.002543184
25/4/2018,165.244254,152.846266,60.59624308,45.1125747,423.7993377,-3.23299787,0.389911544,0.360657161,0.142983336,0.106447959,4.4,-0.00764967
26/4/2018,166.868717,154.2260524,61.93283342,45.30114516,428.328748,0.229410221,0.389580942,0.360064677,0.14459182,0.105762561,4.3,0.000541318
27/4/2018,167.5123216,155.0646751,62.37539147,45.77030459,430.7226927,1.393944747,0.388909905,0.360010461,0.144815661,0.106263973,1,0.003254381
28/4/2018,168.4826052,156.5072126,63.10932684,45.91269007,434.0118347,-0.510857979,0.388198182,0.360605864,0.14540923,0.105786724,3.8,-0.001186048
29/4/2018,169.5471337,157.3504702,63.76887139,46.40840301,437.0748783,2.163043574,0.387913243,0.36000804,0.145899192,0.106179525,0.9,0.004983835
30/4/2018,170.471315,158.6715681,63.08372965,46.88904008,439.1156529,-0.759225436,0.388215073,0.361343457,0.143660854,0.106780616,2.8,-0.00173706
1/5/2018,173.1227778,159.1502422,64.02267418,47.13847355,443.4341677,3.318514844,0.390413708,0.358903877,0.144379209,0.106303206,1,0.007557268
2/5/2018,174.2048086,160.6138803,63.56720872,47.343445,445.7293426,1.295174927,0.390830919,0.360339482,0.14261392,0.10621568,1,0.002920783
3/5/2018,175.110844,162.2467284,64.51693986,47.64805758,449.5225698,0.893227176,0.389548503,0.360931217,0.143523249,0.105997031,2.9,0.002003968
4/5/2018,176.0119458,162.3756146,65.13561783,48.03381876,451.556997,0.634427179,0.38978899,0.359590518,0.144246725,0.106373767,1.4,0.001411336
5/5/2018,177.6170458,163.5874794,65.55779884,48.3392427,455.1015667,0.844569741,0.390280014,0.359452683,0.144050919,0.106216384,2.7,0.00187035
6/5/2018,179.633351,165.463645,67.13679216,48.66435378,460.898142,3.396575285,0.389746312,0.35900263,0.14566514,0.105585919,2.4,0.007463335
7/5/2018,179.280676,165.8276333,68.05148658,49.25235811,462.412154,-3.085988005,0.387707534,0.358614348,0.147166302,0.106511816,4.6,-0.006695597
8/5/2018,180.6174535,167.5548617,66.65059668,49.37691038,464.1998223,-0.312331751,0.389094189,0.36095417,0.143581694,0.106369947,2.1,-0.00067544
9/5/2018,182.8580399,168.1219461,68.0209869,49.72972596,468.7306988,-0.469123416,0.390113215,0.35867492,0.145117414,0.106094451,5,-0.001010607
10/5/2018,183.3622975,170.0529526,67.43014589,50.14516863,470.9905647,0.559865811,0.38931204,0.361053841,0.14316666,0.106467459,1.7,0.00119443
11/5/2018,185.3276919,171.0494429,68.17577104,50.51153212,475.064438,1.57387331,0.39011064,0.360055246,0.143508471,0.106325644,2.5,0.003341624
12/5/2018,186.1054393,171.3624965,70.36594433,50.97486604,478.8087461,-0.555691883,0.388684294,0.357893413,0.146960441,0.106461852,4.3,-0.001169719
13/5/2018,187.9476056,172.8548829,70.57025332,51.09719905,482.4699409,-0.038805213,0.389552985,0.358270782,0.146268705,0.105907529,3.7,-8.10453E-05
14/5/2018,188.1256879,173.6127021,70.8416361,51.67220587,484.252232,1.582291146,0.388486982,0.358517092,0.146290779,0.106705148,0.2,0.003279564
15/5/2018,190.2560922,174.6407758,71.37086789,52.05231173,488.3200476,0.367815536,0.389613519,0.357635892,0.146155924,0.106594665,3.7,0.000759554
16/5/2018,190.913819,176.7320547,71.95138879,52.25646463,491.8537271,0.833679574,0.388151616,0.35931832,0.146286151,0.106243913,2.7,0.00170724
17/5/2018,192.0925594,177.3483314,70.63147501,52.63037787,492.7027437,0.249016535,0.389875157,0.359949957,0.143355149,0.106819738,0.6,0.000506282
18/5/2018,193.128374,178.133487,71.55300592,53.12257309,495.93744,-0.365303621,0.389420839,0.359185398,0.14427829,0.107115472,3.6,-0.000741428
19/5/2018,195.8755405,179.4900077,72.50326791,53.31490619,501.1837223,0.446282243,0.390825822,0.358132157,0.144664052,0.106377968,4.8,0.000899876
20/5/2018,196.8493444,181.1674539,73.62820475,53.47791383,505.1229169,0.939194629,0.389705828,0.358660136,0.145762947,0.10587109,3,0.001873953
21/5/2018,197.3922704,181.5100656,73.8269928,54.00582341,506.7351523,-2.787764644,0.389537354,0.358195134,0.145691477,0.106576035,4.4,-0.005518983
22/5/2018,198.3364454,183.3459097,74.88549685,54.49354685,511.0613988,-0.673753449,0.388087314,0.358755152,0.146529354,0.10662818,5,-0.001329597
23/5/2018,200.2907046,183.8971397,75.01658575,54.61849031,513.8229204,-1.438478464,0.389804924,0.357899838,0.145996963,0.106298275,4.2,-0.002814688
24/5/2018,201.0406645,184.6829263,76.27115107,54.88391288,516.8786547,0.255734347,0.388951377,0.357304223,0.147561039,0.106183361,2.8,0.000497709
25/5/2018,202.2377293,186.5692752,76.58954698,55.44097229,520.8375237,1.458869018,0.388293316,0.358210126,0.147050747,0.10644581,2.5,0.002822459
26/5/2018,203.3982314,187.3448291,77.19720813,55.73429108,523.6745597,-2.062963997,0.388405791,0.357750488,0.147414471,0.106429251,4.9,-0.003960859
27/5/2018,205.8556552,188.0554276,75.98701886,56.16516868,526.0632704,-2.311289373,0.391313492,0.357476825,0.144444638,0.106765045,4.7,-0.004413599
28/5/2018,206.9186091,189.4663535,77.61290493,56.21862369,530.2164912,1.553220861,0.390253062,0.357337723,0.146379651,0.106029565,2.6,0.002952536
29/5/2018,206.5210047,190.5799626,77.776042,56.80723454,531.6842438,0.967752617,0.38842792,0.358445759,0.14628239,0.106843931,0.5,0.001825203
30/5/2018,208.2582979,191.4679135,78.99081332,56.9915744,535.7085991,0.524355287,0.388752949,0.357410566,0.147451083,0.106385401,3.5,0.000986216
31/5/2018,209.9482156,192.5716069,79.35544343,57.23721088,539.1124769,0.60387774,0.389433049,0.357201169,0.147196451,0.106169331,2.8,0.00112725
1/6/2018,211.4221271,194.4468695,79.82120908,57.93370904,543.6239148,1.911437904,0.388912484,0.357686379,0.146831673,0.106569464,2.6,0.003545527
2/6/2018,212.7501606,195.1129924,78.09428833,58.23404034,544.1914816,-2.132433156,0.390947245,0.358537388,0.143505165,0.107010202,2.7,-0.003922626
3/6/2018,212.9324137,195.957327,80.75985342,58.5194328,548.1690269,2.277545323,0.388442986,0.357476102,0.147326553,0.106754358,1.7,0.004185191
4/6/2018,214.1166006,197.4729385,80.4646855,58.7127477,550.7669724,-1.602054565,0.388760785,0.358541722,0.146095698,0.106601795,4.2,-0.002922556
5/6/2018,217.0203784,198.687491,81.19304785,59.11876141,556.0196787,4.652706321,0.390310607,0.357338955,0.146025493,0.106324944,0.6,0.008447686
6/6/2018,218.2490248,199.2487318,80.91772328,59.4127612,557.828241,-0.691437646,0.391247715,0.357186527,0.145058492,0.106507267,2.5,-0.001243549
7/6/2018,217.9913946,200.6098241,81.67571199,59.83464281,560.1115735,-0.816667492,0.389192805,0.358160469,0.145820433,0.106826293,3.1,-0.001464012
8/6/2018,220.4773768,201.9774032,83.23614139,60.27828917,565.9692106,0.857637086,0.389557193,0.356869949,0.147068321,0.106504538,5,0.00153119
9/6/2018,221.6287494,203.1936897,82.6522767,60.56588433,568.0406002,0.171389529,0.390163572,0.3577098,0.145504171,0.106622457,1.9,0.000302825
10/6/2018,222.439615,204.2373612,84.05155241,60.91516699,571.6436956,1.50309545,0.389122834,0.357280878,0.147034863,0.106561425,2.1,0.002646106
11/6/2018,224.0793469,205.5272379,84.75950974,61.22386577,575.5899603,0.246264647,0.389303779,0.357072312,0.147256755,0.106367154,3.7,0.000430801
12/6/2018,224.9115199,206.5815429,84.03935762,61.42031349,576.9527339,-0.837226342,0.389826595,0.358056268,0.145660732,0.106456404,2.2,-0.001454553
13/6/2018,225.3138017,207.4475945,85.22400609,61.84586254,579.8312648,-1.221469067,0.38858512,0.35777235,0.146980702,0.106661828,4.1,-0.002117104
14/6/2018,226.8196973,207.9555971,86.00882788,62.41694553,583.2010679,-0.230196994,0.388921951,0.35657616,0.147477144,0.107024745,3.6,-0.000397007
15/6/2018,229.0314633,209.3011634,86.63618602,62.67571312,587.6445259,-0.456541967,0.389744911,0.356169681,0.147429581,0.106655827,4.9,-0.000782821
16/6/2018,230.5915826,210.4147317,86.67038666,62.84474042,590.5214414,-0.123084486,0.390488078,0.356320223,0.146769246,0.106422453,3,-0.000209454
17/6/2018,230.8933412,211.9760965,85.54868391,63.33720337,591.755325,-2.466116433,0.3901838,0.358215782,0.144567662,0.107032756,3.7,-0.004176167
18/6/2018,232.9297409,212.7723773,87.34097742,63.54386328,596.5869589,-0.168366083,0.390437199,0.356649394,0.146401084,0.106512324,5,-0.00028452
19/6/2018,232.8288268,213.5293261,86.25725078,64.13209407,596.7474977,-3.639461146,0.390163055,0.357821904,0.144545643,0.107469398,3.8,-0.006100471
20/6/2018,234.5077821,215.1113175,88.56542425,64.32859344,602.5131173,3.765619549,0.389216061,0.357023459,0.146993355,0.106767125,2,0.006310239
21/6/2018,237.1065328,216.4346771,87.28002328,64.60004789,605.4212811,2.20816377,0.391638914,0.357494333,0.144164115,0.106702638,0.7,0.003664922
22/6/2018,237.193107,216.8442418,87.82540859,65.126444,606.9892014,-0.932079694,0.390769896,0.357245633,0.144690232,0.107294238,2.5,-0.001539556
23/6/2018,239.3803456,218.6739114,89.08970187,65.4220796,612.5660384,3.776837065,0.390782921,0.356980142,0.145436894,0.106800044,1.8,0.006222248
24/6/2018,239.4803788,219.925801,90.23883422,65.69070496,615.3357189,-0.230319531,0.389186539,0.357407825,0.146649758,0.106755878,3,-0.000375991
25/6/2018,240.6384783,220.3292818,89.10713331,65.86325709,615.9381505,-1.597568376,0.390686107,0.357713322,0.144668963,0.106931608,2.2,-0.002596255
26/6/2018,243.232197,221.7254199,90.19553235,66.49403536,621.6471846,3.409034107,0.391270488,0.356674051,0.145091194,0.106964267,2.3,0.005534702
27/6/2018,244.3934122,222.6200329,90.88427226,66.75754881,624.6552662,2.908081531,0.39124526,0.356388627,0.145495087,0.106871025,0.1,0.004678026
28/6/2018,244.8100095,224.4635805,91.41575647,66.9104615,627.599808,0.644541837,0.39007343,0.357653998,0.145659312,0.10661326,2.3,0.001031836
29/6/2018,245.9842966,225.2821618,91.01298985,67.3545523,629.6340006,1.534192577,0.39067823,0.357798597,0.144549039,0.106974135,0.5,0.00244454
30/6/2018,247.2695716,225.847024,93.76406356,67.92477333,634.8054325,2.771431919,0.389520251,0.355773616,0.1477052,0.107000933,2.4,0.004401655
1/7/2018,249.388289,227.5555799,92.78974603,68.17944322,637.9130581,-1.292374357,0.39094401,0.356718799,0.145458295,0.106878896,4.4,-0.002035859
2/7/2018,250.788258,228.6997821,94.48940184,68.60267832,642.5801202,-0.132937891,0.39028325,0.355908586,0.14704688,0.106761283,4.8,-0.000208395
3/7/2018,251.6521325,229.530258,92.83726393,68.70068621,642.7203406,-1.159779689,0.391542194,0.357123065,0.14444426,0.106890481,1.3,-0.00180488
4/7/2018,253.0959145,230.9944477,95.46149504,69.33676034,648.8886176,3.268277077,0.390045237,0.355984743,0.147115379,0.106854641,2.9,0.005085069
5/7/2018,252.9333914,231.7572047,95.5226364,69.56281865,649.7760512,0.487433516,0.38926241,0.356672432,0.147008552,0.107056606,0.4,0.000751182
6/7/2018,254.9375984,233.1177351,95.82684265,69.87398348,653.7561596,1.580108451,0.389958235,0.356582086,0.146578875,0.106880803,2.4,0.002431774
7/7/2018,256.9430012,233.6443143,97.2174824,70.20144563,658.0062435,-0.049916107,0.390487178,0.355079175,0.147745532,0.106688115,4.3,-7.63528E-05
8/7/2018,256.6901194,235.3236295,96.69255153,70.68180927,659.3881097,0.481866189,0.389285332,0.356881821,0.146639817,0.10719303,0.9,0.000732312
9/7/2018,258.6444593,235.9384761,97.94920829,70.90538647,663.4375302,1.049420469,0.389855032,0.355630282,0.147638932,0.106875754,3,0.001591507
10/7/2018,259.3377522,237.2316926,96.42387754,71.19906189,664.1923843,-0.745145897,0.390455775,0.35717316,0.145174621,0.107196444,1.5,-0.001123159
11/7/2018,261.8610955,238.0406988,97.48689987,71.49321246,668.8819067,1.589522424,0.391490774,0.355878514,0.145746056,0.106884656,3.1,0.002393166
12/7/2018,263.3824279,239.6980854,99.5290949,71.82447201,674.4340802,1.652173523,0.390523604,0.355406247,0.147574237,0.106495911,3.9,0.002470053
13/7/2018,264.3308392,241.0229982,97.72790572,72.13818164,675.2199248,-0.214155426,0.391473695,0.356954807,0.144734926,0.106836571,1,-0.000317534
14/7/2018,265.1409923,241.4133035,98.45540522,72.44227731,677.4519783,1.032053511,0.391379759,0.356354858,0.145331933,0.10693345,1.2,0.00152847
15/7/2018,265.9553212,242.8669529,98.86610432,72.73397311,680.4223516,2.670373311,0.390867996,0.356935589,0.145301083,0.106895332,0.3,0.00394179
16/7/2018,268.4972432,243.7335397,101.2074631,73.29040627,686.7286522,2.60630064,0.390980109,0.354919718,0.147376206,0.106723967,3.7,0.003830416
17/7/2018,268.487182,244.8258513,100.3031625,73.61770075,687.2338966,-1.194755606,0.390678026,0.356248218,0.145952001,0.107121754,1.7,-0.001739778
18/7/2018,270.5311455,246.6733227,101.2063243,73.9151817,692.3259742,3.392077587,0.390756891,0.356296502,0.146183053,0.106763554,1.7,0.004935841
19/7/2018,271.3329118,247.5174905,101.2619999,74.47461976,694.587022,1.061047807,0.39063919,0.356352023,0.145787348,0.107221439,1.2,0.001532584
20/7/2018,273.0075179,248.6691953,102.2018682,74.66468817,698.5432695,-0.643752491,0.390824062,0.355982523,0.14630714,0.106886275,4.6,-0.000926813
21/7/2018,273.0125422,249.2201009,102.4010777,74.92635649,699.5600772,-0.783192287,0.390263183,0.356252606,0.146379247,0.107104963,1.8,-0.001121179
22/7/2018,275.1045638,251.0219938,102.441195,75.42748801,703.9952406,2.735163372,0.39077617,0.356567743,0.145514045,0.107142043,1.7,0.003909833
23/7/2018,275.7804833,252.2011037,102.7969551,75.83142693,706.6099691,2.014728466,0.390286715,0.356916991,0.145479061,0.107317233,0.6,0.00286185
24/7/2018,277.0464858,253.1026736,103.7618506,75.90257007,709.8135802,0.403611064,0.390308799,0.356576263,0.146181834,0.106933105,2.8,0.000571194
25/7/2018,278.5218789,254.0578557,104.8780833,76.47431588,713.9321338,1.71855364,0.390123747,0.355857152,0.146902035,0.107117067,2.4,0.002421134
26/7/2018,279.853356,255.2508267,104.6565232,76.83399234,716.5946983,0.062564512,0.390532273,0.356199714,0.146047024,0.107220989,2.6,8.76337E-05
27/7/2018,281.4636809,255.7052419,106.5261313,77.21255268,720.9076067,2.612908402,0.390429617,0.354699048,0.147766691,0.107104644,1.7,0.003646285
28/7/2018,282.6488164,257.7393792,105.1352909,77.36502882,722.8885153,1.780908581,0.39099918,0.356540979,0.145437766,0.107022075,0.2,0.00247037
29/7/2018,283.7118767,258.6204695,105.3311732,77.66800765,725.3315271,-2.256988192,0.391147863,0.356554844,0.145217972,0.107079321,4.7,-0.00312218
30/7/2018,285.7459173,259.195547,107.302661,78.01612242,730.2602476,3.428720522,0.391293266,0.354935857,0.146937563,0.106833314,1.5,0.004727108
31/7/2018,285.6525642,261.1653319,108.245345,78.54984563,733.6130868,1.352839189,0.389377683,0.355998736,0.147551001,0.10707258,2,0.001852544
1/8/2018,288.421495,262.2454719,106.6902619,78.85764479,736.2148736,0.501786771,0.391762657,0.356207788,0.144917287,0.107112268,2.1,0.000683994
2/8/2018,289.0916869,262.567471,108.1451636,79.17224779,738.9765693,-1.238304278,0.391205485,0.355312309,0.14634451,0.107137697,4,-0.001681988
3/8/2018,289.6772413,264.4379785,108.8003815,79.55131069,742.4669119,2.390342638,0.390155085,0.356161297,0.146539031,0.107144587,1.1,0.003234666
4/8/2018,292.2426916,265.1442277,110.3130598,79.84381961,747.5437988,3.976886847,0.390937216,0.354687215,0.147567353,0.106808216,1.1,0.005356315
5/8/2018,293.4724081,266.6990524,110.7182159,80.28605631,751.1757327,2.731933958,0.390684091,0.355042157,0.147393228,0.106880525,0.9,0.003654547
6/8/2018,292.889485,267.494935,111.291544,80.36993053,752.0458946,-0.729838156,0.38945693,0.355689642,0.147985043,0.106868385,1.6,-0.000971594
7/8/2018,294.6514907,268.7895982,110.7267008,80.70458024,754.8723699,0.426475359,0.390332859,0.356072906,0.146682678,0.106911557,2.4,0.000567087
8/8/2018,295.9335685,269.626951,110.1813085,81.22620638,756.9680343,0.395664393,0.390945925,0.356193312,0.145556092,0.107304672,1.7,0.000524147
9/8/2018,298.27252,270.1946971,110.976782,81.54820869,760.9922078,-0.775826536,0.391952134,0.3550558,0.145831693,0.107160373,4.8,-0.001024913
10/8/2018,297.8525278,271.977197,111.7342971,81.7429816,763.3070035,-1.485204351,0.390213278,0.356314295,0.146381858,0.107090569,3.8,-0.001951668
11/8/2018,299.9883077,272.9664662,113.4552615,82.084058,768.4940934,0.187089933,0.390358638,0.35519657,0.147633225,0.106811567,5,0.000245104
12/8/2018,301.4184752,274.0584727,112.5781976,82.58699599,770.6421415,2.048048166,0.391126385,0.355623522,0.146083625,0.107166467,0.1,0.002665015
13/8/2018,303.1080159,275.2604616,113.8416132,82.78971102,774.9998018,-0.2423398,0.391107217,0.35517488,0.146892442,0.106825461,4.6,-0.000314465
14/8/2018,302.9879922,276.7058689,113.2648026,83.46535226,776.4240159,-1.675785862,0.390235214,0.356384995,0.145880087,0.107499704,3.1,-0.002162305
15/8/2018,304.1555687,277.107812,113.4956116,83.52984865,778.2888408,-0.33517507,0.390800372,0.35604752,0.145827109,0.107324998,2.2,-0.000431691
16/8/2018,307.1369229,278.6163693,114.1360188,84.0250334,783.9143444,4.025503601,0.391799085,0.355416853,0.145597564,0.107186498,1.6,0.005172249
17/8/2018,308.2231917,279.1432918,115.0218501,84.27540654,786.6637401,0.749395665,0.3918106,0.354844488,0.14621476,0.107130153,2,0.000955966
18/8/2018,309.61564,280.1643674,115.799895,84.81600628,790.3959086,2.432168522,0.39172222,0.354460802,0.146508723,0.107308256,1.3,0.003091751
19/8/2018,310.58986,282.0913989,115.9440524,84.90531918,793.5306304,1.134721844,0.391402484,0.355488986,0.146111628,0.106996902,2,0.001435637
20/8/2018,311.9113717,282.9771317,116.7154394,85.14826493,796.7522078,1.321577328,0.391478516,0.355163285,0.146489007,0.106869192,1.9,0.00166544
21/8/2018,312.305543,284.0741568,117.1634587,85.69026765,799.2334261,-1.118781653,0.390756358,0.355433278,0.146594793,0.10721557,3.6,-0.001404178
22/8/2018,314.5551697,285.1730872,119.0803414,85.88264347,804.6912418,3.157815693,0.390901694,0.354388208,0.147982649,0.106727449,2.3,0.003951056
23/8/2018,314.5650965,286.1186319,118.4132752,86.55442205,805.6514257,-1.439816102,0.390448135,0.355139484,0.146978298,0.107434083,2.4,-0.001789278
24/8/2018,316.2286279,287.1111929,120.0953393,86.87078338,810.3059435,3.554517748,0.39025831,0.354324432,0.148209871,0.107207388,1.1,0.00441198
25/8/2018,318.4057265,288.3760639,118.713205,86.95985144,812.4548467,-1.151096739,0.391905751,0.354944112,0.14611668,0.107033458,3.3,-0.001420571
26/8/2018,318.3572049,289.607456,118.522871,87.26264078,813.7501727,-3.504673975,0.391222289,0.355892344,0.145650195,0.107235173,4.8,-0.004313685
27/8/2018,320.748694,291.0657794,120.9815894,87.58138435,820.3774471,1.627274388,0.390976977,0.354794955,0.147470643,0.106757426,5,0.001999722
28/8/2018,320.7609924,291.6678134,122.0484158,87.97109442,822.4483161,-2.129131054,0.390007477,0.354633608,0.148396457,0.106962459,4.2,-0.002595307
29/8/2018,323.3297948,293.2090065,122.0959013,88.34812846,826.982831,1.23451488,0.390975221,0.354552713,0.147640189,0.106831877,3.3,0.001501024
30/8/2018,323.0846984,294.1884503,121.0577307,88.6372142,826.9680936,-1.014737387,0.390685809,0.355743411,0.146387426,0.107183354,1,-0.001227036
31/8/2018,324.8111752,294.6958711,121.8311623,89.28238269,830.6205913,-1.047502265,0.39104638,0.35478999,0.146674864,0.107488766,4.7,-0.001266678
1/9/2018,326.1454867,296.661075,123.4731724,89.50969751,835.7894317,3.268840369,0.390224468,0.354947148,0.147732393,0.107095991,1.9,0.003935419
2/9/2018,328.1317555,297.2309873,122.9195598,89.64798661,837.9302892,0.440857504,0.391597917,0.354720424,0.146694255,0.106987404,1.7,0.000527474
3/9/2018,328.4361746,298.6570253,123.0320314,90.26288972,840.3881211,-0.442168097,0.39081487,0.355379875,0.146399061,0.107406194,2.9,-0.000527691
4/9/2018,329.8263466,299.1508539,122.843035,90.53527294,842.3555084,1.367387361,0.39155243,0.355136105,0.145832768,0.107478698,0.6,0.00162709
5/9/2018,330.4097876,301.0323667,124.1226733,90.75661204,846.3214396,-0.634068826,0.390406968,0.355695074,0.146661384,0.107236574,4.6,-0.000752733
6/9/2018,331.5410041,301.8637038,124.5232162,91.11560967,849.0435338,0.822094151,0.390487638,0.355533835,0.146662935,0.107315592,1.9,0.000971373
7/9/2018,333.7078021,302.7326917,124.5538856,91.73521257,852.7295919,3.486058154,0.391340708,0.35501605,0.146064927,0.107578315,0.2,0.004105865
8/9/2018,335.7631942,303.7567292,126.2871357,91.85823804,857.6652971,3.435705177,0.391485111,0.354166981,0.147245244,0.107102664,1.5,0.004029068
9/9/2018,336.6127829,304.752528,127.2790652,92.27320542,860.9175815,1.552284444,0.390993041,0.353985718,0.147841173,0.107180069,1.7,0.001809895
10/9/2018,337.8239927,306.0634399,126.564358,92.59881683,863.0506075,-2.566974087,0.391430108,0.354629772,0.146647667,0.107292453,4.7,-0.002981672
11/9/2018,338.1367084,307.5543078,127.875731,92.90958003,866.4763272,1.325719761,0.390243447,0.35494831,0.147581333,0.107226911,2.1,0.001536086
12/9/2018,340.367711,308.9313731,127.8088896,93.3790465,870.4870202,3.910693026,0.39100837,0.354894864,0.146824578,0.107272187,0.1,0.004513329
13/9/2018,341.1798225,309.0399038,127.3073256,93.78033838,871.3073903,-2.279629942,0.391572281,0.354685278,0.146110692,0.107631749,3.1,-0.002618798
14/9/2018,343.02719,310.5317551,129.0690232,94.12645007,876.7544184,1.747028076,0.391246605,0.354183279,0.147212287,0.107357828,3.7,0.002005065
15/9/2018,344.6126475,311.2819434,130.3005351,94.18129911,880.3764251,3.222006682,0.391437841,0.353578236,0.14800548,0.106978443,0.4,0.003674925
16/9/2018,345.1135371,312.9998405,129.324923,94.66547615,882.1037767,-2.17264832,0.391239156,0.354833353,0.146609647,0.107317845,3.9,-0.002467863
17/9/2018,346.1930882,313.7993267,131.5082776,94.90231948,886.403012,3.799235253,0.390559467,0.354014283,0.148361722,0.107064527,0.5,0.004307016
18/9/2018,348.1028502,315.6095689,131.8201104,95.43502075,890.9675502,0.764538237,0.390702052,0.354232395,0.14795164,0.107113913,3.8,0.000862518
19/9/2018,347.7828924,316.3120986,130.9229044,95.66627588,890.6841713,-0.683378958,0.39046713,0.35513385,0.14699139,0.10740763,0.4,-0.000767008
20/9/2018,349.4327657,317.1132494,131.6931921,96.13495998,894.3741672,1.089995878,0.390700871,0.354564411,0.147246194,0.107488525,2.6,0.001223774
21/9/2018,351.4074022,318.8486408,131.9012295,96.56195289,898.7192254,1.045058269,0.391009107,0.354781151,0.146765782,0.10744396,3.3,0.00116848
22/9/2018,353.2330717,320.0083194,133.4418457,96.81564892,903.4988857,2.5796603,0.39096127,0.354187841,0.147694533,0.107156357,2.2,0.002870374
23/9/2018,353.2945275,320.9285836,132.9694261,97.19040897,904.3829461,-1.915939619,0.390647047,0.354859172,0.14702779,0.10746599,2.8,-0.002120578
24/9/2018,355.1961098,322.2454001,134.4482309,97.27437072,909.1641116,2.981165448,0.390684262,0.354441399,0.147881146,0.106993192,1.8,0.003296353
25/9/2018,355.6205824,323.0328088,134.4591424,97.68887625,910.8014098,-2.762701719,0.390447993,0.354668762,0.147627288,0.107255956,4.4,-0.003038727
26/9/2018,358.0745331,324.0874653,135.1939837,98.09839046,915.4543725,2.552962681,0.391144052,0.354018152,0.147679653,0.107158143,2.1,0.002802985
27/9/2018,358.6675608,324.6464177,135.0795781,98.34737442,916.740931,-2.013441529,0.391242006,0.354131038,0.147347602,0.107279354,3.3,-0.00219939
28/9/2018,359.2190188,326.2847179,136.8052187,98.83444185,921.1433972,0.702466202,0.389970791,0.354217073,0.148516745,0.107295392,3.7,0.000766265
29/9/2018,360.4074562,327.7094363,136.3470927,99.0314337,923.4954189,0.652021703,0.390264476,0.354857674,0.147642414,0.107235436,1.7,0.00070784
30/9/2018,363.2045096,328.2274223,137.3459798,99.55400377,928.3319155,4.636496568,0.391244234,0.353566884,0.147949217,0.107239665,0.2,0.005020595
1/10/2018,364.4121258,329.4798571,137.8266808,99.92618865,931.6448523,-0.487063121,0.391149186,0.353653923,0.147939078,0.107257812,3.8,-0.000524665
2/10/2018,364.7781783,330.7879851,138.5313098,100.1133759,934.2108492,0.365996844,0.390466648,0.354082791,0.148286985,0.107163577,2.2,0.00039285
3/10/2018,365.8345531,332.0746977,139.1734011,100.6502998,937.7329516,-1.077897627,0.390126584,0.354125017,0.148414749,0.107333649,4.6,-0.001153806
4/10/2018,366.7941583,332.9282967,137.8151458,100.9912598,938.5288606,-4.104090932,0.390818198,0.354734213,0.146841671,0.107605918,4.9,-0.004376609
5/10/2018,368.3320251,334.199821,139.2272319,101.2587208,943.0177988,4.38893817,0.390588625,0.35439397,0.147640089,0.107377317,0.1,0.004676402
6/10/2018,369.4027863,335.2659129,138.6359769,101.365687,944.6703631,-2.547435704,0.391038822,0.354902542,0.146755929,0.107302707,4.2,-0.002701365
7/10/2018,371.4378387,336.6500903,139.0543348,101.9909863,949.1332502,0.26288709,0.391344249,0.354692126,0.146506652,0.107456973,4.2,0.000278284
8/10/2018,372.4190368,336.9887487,141.0251968,102.3441795,952.7771619,-1.356088315,0.390877376,0.353691044,0.14801488,0.107416701,5,-0.001428765
9/10/2018,374.6924509,338.5309887,141.0976206,102.4462286,956.7672888,2.290126954,0.391623392,0.353827929,0.147473291,0.107075388,1.7,0.002403633
10/10/2018,375.1704301,339.2987172,141.4234792,103.090458,958.9830845,-2.584204289,0.391216942,0.353810951,0.14747234,0.107499767,4.8,-0.002700975
11/10/2018,376.994547,340.2050502,142.1918463,103.3917538,962.7831972,1.100112674,0.391567435,0.353355824,0.147688334,0.107388407,2.7,0.001147166
12/10/2018,377.4200958,342.0659314,141.8604439,103.5536206,964.9000917,-0.283105538,0.391149404,0.354509171,0.147020863,0.107320563,2.4,-0.000294049
13/10/2018,379.5237318,343.0379997,143.453851,104.1315815,970.1471639,1.347072271,0.391202228,0.353593777,0.147868134,0.107335861,3.9,0.001396074
14/10/2018,379.1138079,344.2852335,141.9407092,104.4074949,969.7472455,-5.099918435,0.390940845,0.35502574,0.146368768,0.107664647,4.7,-0.00525685
15/10/2018,380.9383383,345.0282621,143.261235,104.6491895,973.8770249,2.129779362,0.39115651,0.354283193,0.14710403,0.107456267,2,0.002196221
16/10/2018,383.04781,345.9479831,143.8608341,104.8727806,977.7294078,-0.147617057,0.391772823,0.353827941,0.147137677,0.107261559,4,-0.000151577
17/10/2018,383.0933777,347.3701292,144.1598607,105.4960411,980.1194087,1.890000913,0.390863985,0.354416131,0.147083977,0.107635907,0.5,0.001933051
18/10/2018,384.4631353,348.0362236,144.1454669,105.7052458,982.3500716,0.030662877,0.391370802,0.354289406,0.146735335,0.107604457,2.2,3.12848E-05
19/10/2018,385.6478409,349.6421189,146.0588312,105.840965,987.189756,-0.060315602,0.390652191,0.354179241,0.14795416,0.107214408,4.9,-6.13993E-05
20/10/2018,388.2375435,351.0815385,145.7724737,106.221604,991.3131597,3.52340372,0.391639655,0.354158053,0.147049872,0.10715242,0.6,0.003569125
21/10/2018,388.9739513,352.1571947,146.8082708,106.667949,994.6073658,-0.905793938,0.391082918,0.354066546,0.147604247,0.107246289,4.2,-0.000913731
22/10/2018,389.0915598,352.7455759,148.1614377,107.241117,997.2396904,2.432324636,0.390168546,0.353721958,0.148571541,0.107537955,0.2,0.002445512
23/10/2018,391.6944485,354.512774,147.742362,107.3199873,1001.269572,2.82988141,0.391197795,0.354063265,0.14755503,0.10718391,1.2,0.002837714
24/10/2018,391.8014469,354.8456576,147.0896648,107.5889287,1001.325698,-1.543873742,0.391282724,0.354375862,0.146894926,0.107446487,1.6,-0.001541916
25/10/2018,393.0719819,356.6440198,148.3898225,108.1957613,1006.301585,1.875887415,0.390610516,0.354410671,0.147460587,0.107518226,3.1,0.001873404
26/10/2018,395.7496139,357.732451,150.0800618,108.3808886,1011.943015,4.741429797,0.391078952,0.35351047,0.148308807,0.10710177,0.9,0.004711738
27/10/2018,396.144349,358.4297727,149.093641,108.955027,1012.62279,-1.720225543,0.391206235,0.353961788,0.147235123,0.107596854,2.4,-0.001699923
28/10/2018,398.1728977,359.6842876,149.1267135,108.997504,1015.981403,-1.341386901,0.391909632,0.354026448,0.146780948,0.107282972,4.7,-0.001324666
29/10/2018,399.2873366,360.3382906,151.5368027,109.5517324,1020.714162,1.732759353,0.391184282,0.35302566,0.148461546,0.107328512,3,0.001705503
30/10/2018,400.2533404,362.2823288,150.8955595,109.9664038,1023.397633,-1.216529678,0.391102469,0.353999577,0.14744568,0.107452275,3.9,-0.001191842
31/10/2018,401.8439461,363.406543,151.3101358,110.0495654,1026.61019,-1.687442252,0.391427973,0.353986885,0.14738811,0.107197032,4.9,-0.001648863
1/11/2018,402.3921714,363.8120873,151.1371278,110.5673544,1027.908741,-1.501449424,0.391466825,0.353934229,0.147033605,0.107565341,2.8,-0.001462531
2/11/2018,403.1501988,364.7975068,152.3603384,111.0520932,1031.360137,2.851396336,0.390891779,0.353705261,0.147727581,0.107675379,0.6,0.002773978
3/11/2018,405.5457835,366.6999883,153.4322219,111.2494067,1036.9274,4.967263207,0.391103353,0.353640947,0.147968143,0.107287556,0.6,0.004816226
4/11/2018,406.12728,367.4012051,154.3441528,111.3846479,1039.257286,1.829885389,0.390786079,0.353522857,0.1485139,0.107177163,0.5,0.001764719
5/11/2018,408.1209363,368.8114371,153.5010788,111.7891843,1042.222637,-1.234649186,0.391587097,0.353870108,0.147282426,0.107260369,4.2,-0.001188011
6/11/2018,408.4329499,369.4160043,154.4069915,112.4018461,1044.657792,1.735155177,0.390972961,0.35362394,0.147806289,0.10759681,0.7,0.00166486
7/11/2018,409.8279033,370.5194726,153.952152,112.6839032,1046.983431,1.625639351,0.391436857,0.353892394,0.147043542,0.107627208,0.7,0.001556145
8/11/2018,411.6059502,371.4038965,156.2234019,112.9384558,1052.171704,4.988273216,0.391196559,0.352987915,0.148477099,0.107338427,0.2,0.004764424
9/11/2018,413.2032753,373.0973326,156.655749,113.1352456,1056.091603,1.319898165,0.391257041,0.353281223,0.14833538,0.107126357,2.6,0.001254451
10/11/2018,413.8021732,374.3551174,156.5227294,113.6170042,1058.297024,1.905421621,0.391007594,0.353733507,0.147900567,0.107358333,0.3,0.00180422
11/11/2018,415.4908318,375.2284564,156.5390263,114.1331021,1061.391417,-1.905607563,0.391458632,0.353525053,0.14748473,0.107531586,5,-0.001800636
12/11/2018,417.1503805,376.3218734,157.1588694,114.2769303,1064.908054,2.216637099,0.391724317,0.353384381,0.147579755,0.107311547,1.3,0.002088426
13/11/2018,416.6533191,377.2902887,158.6173468,114.5163801,1067.077335,1.269280969,0.390462158,0.353573519,0.148646533,0.107317789,0.9,0.001191916
14/11/2018,419.1540548,378.2114672,158.2455565,115.1883952,1070.799474,2.922139059,0.391440288,0.353204756,0.147782624,0.107572331,0.8,0.002738451
15/11/2018,420.8051996,379.2636798,158.3997582,115.4285226,1073.89716,2.497686568,0.391848694,0.353165735,0.147499932,0.107485639,0.6,0.002332544
16/11/2018,421.8518805,380.3571506,159.7937343,115.5959697,1077.598735,1.301574846,0.391473994,0.352967332,0.148286861,0.107271813,2.4,0.001212011
17/11/2018,423.291268,381.7253025,159.5775982,116.0203621,1080.614531,2.21579579,0.39171347,0.353248352,0.147673008,0.107365169,0.8,0.002056235
18/11/2018,423.242587,382.9374596,160.0379947,116.5249646,1082.743006,-2.871524985,0.390898472,0.353673455,0.147807923,0.10762015,5,-0.002657307
19/11/2018,425.3464351,384.0753739,161.1589831,116.6432228,1087.224015,2.881008927,0.391222443,0.353262408,0.148229786,0.107285363,1.6,0.002660843
20/11/2018,426.5139715,384.9305014,159.8082616,117.2248689,1088.477603,0.553588518,0.391844508,0.353641178,0.146818144,0.10769617,0.7,0.000509176
21/11/2018,427.8479581,386.6444102,161.8473863,117.2712424,1093.610997,3.633393659,0.391224996,0.353548393,0.147993561,0.10723305,1.5,0.003338051
22/11/2018,429.4823918,387.2451013,160.9400801,117.6162198,1095.283793,-1.427203894,0.392119736,0.353556862,0.14693916,0.107384242,3.1,-0.001305038
23/11/2018,430.5444558,388.3664447,163.0044002,118.1937297,1100.10903,0.325237216,0.391365259,0.353025413,0.148171132,0.107438196,4.5,0.000296943
24/11/2018,432.0207043,389.4147307,161.8904855,118.4533759,1101.779296,-0.62973398,0.392111837,0.353441685,0.146935494,0.107510984,2.3,-0.000572429
25/11/2018,432.3443634,390.7117848,162.4171462,118.8134532,1104.286748,-0.692548809,0.391514581,0.353813704,0.147078779,0.107592936,3.2,-0.000628573
26/11/2018,434.7107131,391.7504861,162.5024044,119.1398798,1108.103483,1.21673582,0.392301549,0.353532402,0.146649123,0.107516926,2.6,0.00110183
27/11/2018,434.5873674,392.7693173,163.8554841,119.4896822,1110.701851,-2.201632354,0.39127275,0.353622637,0.147524274,0.107580339,4.8,-0.001986847
28/11/2018,435.8466051,393.7266348,164.8173621,119.934448,1114.32505,3.123198971,0.391130582,0.353331943,0.147907796,0.107629679,0.5,0.002811915
29/11/2018,438.0368797,395.3689887,166.1152267,120.0012842,1119.522379,3.197329269,0.391271213,0.353158629,0.148380443,0.107189714,2,0.002869297
30/11/2018,438.2212923,396.5438536,166.5572785,120.6525007,1121.974925,-1.147454119,0.390580291,0.353433793,0.14845009,0.107535826,3.6,-0.00102495
1/12/2018,439.782427,397.3088783,166.5587616,120.7007344,1124.350801,2.075876166,0.391143428,0.353367364,0.148137718,0.107351491,0.3,0.001850198
2/12/2018,441.0618228,397.974984,167.1500482,121.3099623,1127.496817,1.846016092,0.391186756,0.352972157,0.148248798,0.107592288,1.3,0.001641851
3/12/2018,442.9050838,399.1068958,165.9555638,121.645705,1129.613248,0.416431041,0.392085596,0.353312867,0.146913613,0.107687923,1.7,0.000369341
4/12/2018,443.4760446,400.6262464,168.6246036,121.8097259,1134.536621,0.223372112,0.390887378,0.353118832,0.148628612,0.107365178,4.7,0.000197742
5/12/2018,444.1960515,401.6218874,167.4842503,122.1664223,1135.468611,-0.268009094,0.391200643,0.353705847,0.147502316,0.107591193,1.2,-0.000236228
6/12/2018,446.0740676,402.7351945,167.2576251,122.5093962,1138.576283,-0.592328121,0.391782329,0.353718236,0.146900675,0.10759876,3.7,-0.00052166
7/12/2018,448.3511861,404.1007026,169.9040186,122.9564004,1145.312308,4.636024459,0.391466313,0.352830141,0.148347326,0.10735622,2.1,0.004071773
8/12/2018,448.679,405.2071791,170.1393051,123.1095289,1147.135013,0.822705215,0.391130072,0.353234078,0.148316722,0.107319128,1,0.000718324
9/12/2018,450.4218031,406.0417808,169.6258817,123.7842943,1149.87376,-0.361253089,0.391714133,0.353118573,0.14751696,0.107650334,3.1,-0.000314918
10/12/2018,451.8460121,407.429111,169.2320546,123.921596,1152.428774,-1.844986185,0.392081509,0.353539516,0.146848168,0.107530807,4.4,-0.001604512
11/12/2018,453.0904213,408.6879829,170.8616979,124.189389,1156.829491,1.300717314,0.39166569,0.353282818,0.147698256,0.107353236,3.1,0.001128675
12/12/2018,454.4143929,409.6018411,171.6015441,124.7927595,1160.410538,-0.818953395,0.391597954,0.352980112,0.147880029,0.107541905,4.4,-0.000707929
13/12/2018,454.0581669,411.0000244,170.9920867,124.8763537,1160.926632,-1.583906065,0.391117022,0.354027561,0.147289314,0.107566103,2.1,-0.001364953
14/12/2018,456.9769582,411.7483798,173.2448795,125.4229658,1167.393183,5.266551694,0.391450768,0.352707542,0.148403196,0.107438494,1.2,0.004536507
15/12/2018,456.5586819,412.5718825,173.2667485,125.5618599,1167.959173,-3.234010397,0.390902946,0.353241699,0.148350004,0.10750535,3.8,-0.002770284
16/12/2018,458.8960798,413.8972386,173.5212839,126.1854156,1172.500018,3.540845013,0.391382578,0.353004036,0.147992564,0.107620822,1,0.003031651
17/12/2018,459.2798816,415.4736881,174.4663667,126.2110272,1175.430964,0.930945705,0.390733183,0.353464985,0.148427574,0.107374258,2,0.000793984
18/12/2018,461.9404575,416.2214808,173.9165875,126.6782617,1178.756788,0.825823966,0.391887845,0.353102086,0.147542385,0.107467684,2.5,0.000702571
19/12/2018,462.1234529,417.5138041,174.6216588,127.1622936,1181.421209,-1.035578091,0.391158927,0.353399618,0.147806436,0.107635018,3.7,-0.000878534
20/12/2018,464.6702809,418.1498912,175.4929741,127.2199609,1185.533107,3.711897682,0.391950489,0.352710429,0.148028742,0.10731034,0.4,0.003141892
21/12/2018,465.278325,419.2795832,176.2240232,127.5768009,1188.358732,-0.374374822,0.391530194,0.352822403,0.148291941,0.107355462,3.2,-0.000315786
22/12/2018,466.2102883,420.5073906,174.8342968,127.9214315,1189.473407,-1.485325154,0.391946794,0.353523995,0.14698462,0.107544591,2.6,-0.001249896
23/12/2018,468.3532774,421.2999925,175.8422571,128.5712229,1194.06675,3.093342789,0.392233749,0.35282784,0.147263339,0.107675072,1.5,0.002600599
24/12/2018,468.2451317,422.9993625,176.7199989,128.6479296,1196.612423,1.445672788,0.391308934,0.353497385,0.147683574,0.107510107,1.1,0.001210714
25/12/2018,470.6797147,423.9255062,178.6115769,129.3361219,1202.55292,4.740496936,0.391400417,0.35252129,0.148527,0.107551293,1.2,0.003961598
26/12/2018,470.840396,424.9902997,177.6484492,129.4510244,1202.930169,-4.322750319,0.391411246,0.353295902,0.147679769,0.107613083,4.7,-0.003594645
27/12/2018,473.3894887,426.4334971,177.51838,129.6524757,1206.993841,1.763672094,0.392205389,0.353302132,0.147074802,0.107417678,2.3,0.001466147
28/12/2018,473.2132115,426.8486688,178.7066614,130.0135113,1208.782053,-2.011788519,0.391479349,0.353122937,0.147840267,0.107557447,3.8,-0.001666776
29/12/2018,475.4666691,428.2874778,178.9155151,130.6928077,1213.36247,1.480416786,0.391858724,0.352975709,0.147454301,0.107711266,3.1,0.001224718
30/12/2018,476.0259605,429.0414626,180.7967829,130.9069628,1216.771169,1.708699088,0.391220611,0.352606532,0.148587333,0.107585523,1.7,0.001408235
31/12/2018,478.3001181,430.9104387,179.9003504,131.2062878,1220.317195,2.146026155,0.391947372,0.35311347,0.147420975,0.107518183,1.4,0.001763706
